postAtSpecificTime (YYYY-MM-DD HH:mm:ss),content,link (OGmetaUrl),imageUrls,gifUrl,videoUrls
,Maintaining painted surfaces near the coast takes...,,https://blaze-media-uploads-for-dev.s3.us-west-1.amazonaws.com/cjqhbnpw2rif6l4qolhppltzzz7ty1tg_pltnsan0bgxuqmdrmmcfz-a2e8a8bfe01d5074989c.png,,
,Maintaining painted surfaces near the coast takes...,,https://blaze-media-uploads-for-dev.s3.us-west-1.amazonaws.com/ix1lihotyfxbxubik24cso3jzyjixaow_pltnsan0bgxuqmdrmmcfz_thumbnail_1765303858-734f0829857ea38321c4.png,,
,Maintaining painted surfaces near the coast takes...,,https://blaze-article-uploads.s3.us-west-1.amazonaws.com/screenshot20251202-2-hmt6bc-b9cd4f2473e973bf6d32.png,,
,"Epoxy flooring isn't just tough, it's a game-change...",,https://blaze-media-uploads-for-dev.s3.us-west-1.amazonaws.com/aba6x1vbidjm4xbgkarusxsen3oyzuyo_pltnsan0bgxuqmdrmmcfz_thumbnail_1765304173-abdadc00fd04d484c215.png,,
,"Epoxy flooring isn't just tough, it's a game-change...",,https://blaze-media-uploads-for-dev.s3.us-west-1.amazonaws.com/pur5dlsrkpslwniz78kuobphvgqifyiw_pltnsan0bgxuqmdrmmcfz_thumbnail_1765304320-d24913bc77d0bd565135.png,,
,Why does local knowledge matter when it comes t...,,https://blaze-media-uploads-for-dev.s3.us-west-1.amazonaws.com/lpnaq7qjp2ybgatno33cjbolysrtrde3_pltnsan0bgxuqmdrmmcfz-45d90896fbe7af54b84a.png,,